ts,cases,fatalities,tested,fatalities_male_delta,fatalities_female_delta,fatalities_male_cumul,fatalities_female_cumul,hospitalized_delta,hospitalized,ventilated
2020-02-26 18:00:00,0,0,16,,,,,,,
2020-02-27 08:00:00,0,0,20,,,,,,,
2020-02-27 18:00:00,0,0,25,,,,,,,
2020-02-28 18:00:00,0,0,30,,,,,,,
2020-02-29 08:00:00,0,0,32,,,,,,,
2020-02-29 18:00:00,0,0,33,,,,,,,
2020-03-01 08:00:00,0,0,36,,,,,,,
2020-03-02 08:00:00,0,0,45,,,,,,,
2020-03-03 18:00:00,0,0,46,,,,,,,
2020-03-04 08:00:00,0,0,50,,,,,,,
2020-03-06 10:00:00,1,0,56,,,,,,,
2020-03-06 18:00:00,1,0,67,,,,,,1,0
2020-03-07 08:00:00,1,0,75,,,,,,1,0
2020-03-07 18:00:00,1,0,91,,,,,,1,0
2020-03-08 08:00:00,1,0,91,,,,,,1,0
2020-03-08 18:00:00,1,0,94,,,,,,1,0
2020-03-09 08:00:00,1,0,94,,,,,,1,0
2020-03-09 18:00:00,2,0,101,,,,,,2,0
2020-03-10 08:00:00,4,0,108,,,,,,3,0
2020-03-10 18:00:00,5,0,117,,,,,,3,0
2020-03-11 08:00:00,12,0,130,,,,,,12,0
2020-03-11 18:00:00,18,0,151,,,,,,12,0
2020-03-12 08:00:00,19,0,160,,,,,,19,1
2020-03-12 18:00:00,24,0,185,,,,,,19,1
2020-03-13 08:00:00,31,0,214,,,,,,21,1
2020-03-13 18:00:00,35,0,239,,,,,,21,1
2020-03-14 08:00:00,41,0,256,,,,,2,23,1
2020-03-14 18:00:00,46,0,268,,,,,2,23,1
2020-03-15 08:00:00,46,0,268,,,,,,23,1
2020-03-15 18:00:00,48,0,283,,,,,,23,1
2020-03-16 08:00:00,55,0,301,,,,,4,29,2
2020-03-16 18:00:00,57,0,316,,,,,,29,2
2020-03-17 08:00:00,65,0,335,,,,,,38,4
2020-03-17 18:00:00,72,0,374,,,,,,38,4
2020-03-18 08:00:00,83,0,421,,,,,7,48,6
2020-03-18 18:00:00,89,0,440,,,,,3,48,6
2020-03-19 08:00:00,97,0,486,,,,,5,55,6
2020-03-19 18:00:00,103,0,506,,,,,2,55,6
2020-03-20 08:00:00,118,0,545,,,,,5,71,8
2020-03-20 18:00:00,135,1,585,,,,,9,71,8
2020-03-21 08:00:00,149,1,624,,,,,9,88,12
2020-03-21 18:00:00,171,1,672,,,,,17,88,12
2020-03-22 18:00:00,222,2,761,,,,,21,97,14
2020-03-23 15:00:00,249,2,828,,,,,19,125,16
2020-03-24 15:00:00,303,3,916,,,,,27,152,21
2020-03-25 15:00:00,384,4,1161,,,,,,203,24
2020-03-26 15:00:00,457,7,1456,,,,,47,250,25
2020-03-27 15:00:00,528,8,1715,,,,,48,302,45
2020-03-28 15:00:00,659,10,2086,,,,,,334,49
2020-03-29 15:00:00,741,13,2462,,,,,,331,55
2020-03-30 15:00:00,785,16,3084,,,,,,540,62
2020-03-31 15:00:00,900,23,3561,,,,,,,
2020-04-01 15:00:00,1060,28,4371,,,21,7,,648,72
2020-04-02 15:00:00,1171,31,5008,2,1,23,8,,783,81
2020-04-03 15:00:00,1476,39,5756,6,2,29,10,,874,81
2020-04-04 15:00:00,1624,44,6401,5,0,34,10,,1046,89
2020-04-05 15:00:00,1908,51,7360,5,2,39,12,,1082,98
2020-04-06 15:00:00,2200,58,8552,3,4,42,16,,1197,101
2020-04-07 15:00:00,2447,61,9626,2,1,44,17,,1394,109
2020-04-08 15:00:00,2666,65,10761,4,0,48,17,,1705,112
2020-04-09 15:00:00,2867,66,12347,1,0,49,17,,1907,127
2020-04-10 15:00:00,3105,71,14240,4,1,53,18,,2107,136
2020-04-11 15:00:00,3380,74,16399,1,2,54,20,,2436,145
2020-04-12 15:00:00,3630,80,18312,3,3,57,23,,2684,146
2020-04-13 15:00:00,4054,85,20958,3,2,60,25,,2890,138
2020-04-14 15:00:00,4465,94,23398,7,2,67,27,,3006,131
2020-04-15 15:00:00,4873,99,26278,2,3,69,30,,3245,128
2020-04-16 15:00:00,5318,103,29472,3,1,72,31,,3511,120
2020-04-17 15:00:00,5690,110,32566,5,2,76,34,,3765,122
2020-04-18 15:00:00,5994,117,36028,4,3,80,37,,3853,126
2020-04-19 15:00:00,6318,122,38701,1,4,81,41,,3900,120
2020-04-20 15:00:00,6630,125,41812,2,1,83,42,,3703,108
2020-04-21 15:00:00,6890,130,45355,2,3,85,45,,3660,101
2020-04-22 15:00:00,7114,134,48636,3,1,88,46,,3266,103
2020-04-23 15:00:00,7276,139,51324,4,1,92,47,,3477,96
2020-04-24 15:00:00,7483,144,54887,2,3,94,50,,3164,95
2020-04-25 15:00:00,7779,151,59938,4,3,98,53,,3135,91
2020-04-26 15:00:00,8042,156,64303,2,3,100,56,,3044,85
2020-04-27 15:00:00,8275,162,67917,3,3,103,59,,2701,85
2020-04-28 15:00:00,8497,168,73363,3,3,106,62,,2517,79
2020-04-29 15:00:00,8724,173,78942,3,2,109,64,,2470,78
2020-04-30 15:00:00,9009,179,85645,2,4,111,68,,2479,71
2020-05-01 15:00:00,9205,185,91551,2,4,113,72,,2375,65
2020-05-02 15:00:00,9362,189,96637,3,1,116,73,,2286,57
2020-05-03 15:00:00,9464,193,101911,3,1,119,74,,2116,54
2020-05-04 15:00:00,9557,197,106461,,,,,,2023,53
2020-05-05 15:00:00,9677,200,111278,,,,,,1855,51
2020-05-06 15:00:00,9791,203,117474,,,,,,1750,48
2020-05-07 15:00:00,9848,206,122995,,,,,,1710,46
2020-05-08 15:00:00,9943,209,128805,,,,,,1577,45
2020-05-09 15:00:00,10032,213,134533,,,,,,1437,43
2020-05-10 15:00:00,10114,215,140592,,,,,,1380,39
2020-05-11 15:00:00,10176,218,145604,,,,,,1123,29
2020-05-12 15:00:00,10243,220,151304,,,,,,1085,23
2020-05-13 15:00:00,10295,222,156603,,,,,,992,22
2020-05-14 15:00:00,10374,224,162797,,,,,,949,22
2020-05-15 15:00:00,10438,225,168670,,,,,,837,20
2020-05-16 15:00:00,10496,228,174746,,,,,,766,17
2020-05-17 15:00:00,10610,230,181272,,,,,,764,18
2020-05-18 15:00:00,10699,231,185385,,,,,,805,16
2020-05-19 15:00:00,10733,234,190683,,,,,,808,15
2020-05-20 15:00:00,10833,235,196881,,,,,,766,13
2020-05-21 15:00:00,10919,237,203799,,,,,,743,12
2020-05-22 15:00:00,11024,237,209797,,,,,,744,12
2020-05-23 15:00:00,11092,238,214212,,,,,,665,12
2020-05-24 15:00:00,11159,238,217856,,,,,,658,12
2020-05-25 15:00:00,11193,239,220344,,,,,,657,12
2020-05-26 15:00:00,11227,239,223771,,,,,,621,11
2020-05-27 15:00:00,11275,240,228945,,,,,,622,10
2020-05-28 15:00:00,11300,241,233479,,,,,,558,9
2020-05-29 15:00:00,11354,242,238694,,,,,,558,8
2020-05-30 15:00:00,11381,242,242242,,,,,,555,10
2020-05-31 15:00:00,11412,243,245445,,,,,,516,10
2020-06-01 15:00:00,11430,244,247760,,,,,,468,9
2020-06-02 15:00:00,11454,245,252132,,,,,,475,10
2020-06-03 15:00:00,11523,245,257242,,,,,,466,12
2020-06-04 15:00:00,11571,246,261266,,,,,,470,15
2020-06-05 15:00:00,11667,247,266061,,,,,,390,12
2020-06-06 15:00:00,11741,248,269185,,,,,,437,14
2020-06-07 15:00:00,11823,249,272502,,,,,,475,15
2020-06-08 15:00:00,11896,250,276810,,,,,,457,15
2020-06-09 15:00:00,11965,250,282049,,,,,,447,15
2020-06-10 15:00:00,12031,251,287064,,,,,,432,14
2020-06-11 15:00:00,12102,252,291996,,,,,,488,14
2020-06-12 15:00:00,12175,252,297789,,,,,,512,14
2020-06-13 15:00:00,12251,253,301126,,,,,,553,15
2020-06-14 15:00:00,12310,254,302928,,,,,,545,15
2020-06-15 15:00:00,12367,255,308013,,,,,,551,15
2020-06-16 15:00:00,12426,256,313483,,,,,,546,15
2020-06-17 15:00:00,12522,257,319581,,,,,,568,17
2020-06-18 15:00:00,12616,258,325613,,,,,,589,17
2020-06-19 15:00:00,12709,259,332342,,,,,,628,18
2020-06-20 15:00:00,12803,260,336553,,,,,,654,18
2020-06-21 15:00:00,12894,261,339822,,,,,,686,19
2020-06-22 15:00:00,12990,262,345260,,,,,,731,19
2020-06-23 15:00:00,13092,263,351285,,,,,,775,19
2020-06-24 15:00:00,13235,263,359069,,,,,,861,21
2020-06-25 15:00:00,13372,264,366380,,,,,,954,24
2020-06-26 15:00:00,13565,265,374875,,,,,,1068,26
2020-06-27 15:00:00,13792,267,380808,,,,,,1187,32
2020-06-28 15:00:00,14046,270,385713,,,,,,1312,31
2020-06-29 15:00:00,14288,274,392863,,,,,,1433,36
2020-06-30 15:00:00,14564,277,401240,,,,,,1625,42
2020-07-01 15:00:00,14836,281,409866,,,,,,1783,73
2020-07-02 15:00:00,15195,287,418879,,,,,,1996,81
2020-07-03 15:00:00,15504,298,426981,,,,,,2142,85
2020-07-04 15:00:00,15829,306,434415,,,,,,2347,86
2020-07-05 15:00:00,16131,311,439445,,,,,,2553,81
2020-07-06 15:00:00,16420,317,447317,,,,,,2737,93
2020-07-07 15:00:00,16719,330,455604,,,,,,2942,110
2020-07-08 15:00:00,17076,341,464171,,,,,,3173,118
2020-07-09 15:00:00,17342,352,471700,,,,,,3339,120
2020-07-10 15:00:00,17728,370,480346,,,,,,3639,130
2020-07-11 15:00:00,18073,382,487378,,,,,,3911,139
2020-07-12 15:00:00,18360,393,491428,,,,,,4091,144
2020-07-13 15:00:00,18639,405,498343,,,,,,4294,154
2020-07-14 15:00:00,18983,418,507002,,,,,,4574,170
2020-07-15 15:00:00,19334,429,515395,,,,,,4858,169
2020-07-16 15:00:00,19717,442,524578,,,,,,4662,177
2020-07-17 15:00:00,20109,452,534488,,,,,,4716,184
2020-07-18 15:00:00,20498,461,542136,,,,,,4776,187
2020-07-19 15:00:00,20894,472,550091,,,,,,4735,187
2020-07-20 15:00:00,21253,482,558440,,,,,,4762,190
2020-07-21 15:00:00,21605,491,568750,,,,,,4722,198
2020-07-22 15:00:00,22031,499,580271,,,,,,4619,205
2020-07-23 15:00:00,22443,508,591350,,,,,,4649,185
2020-07-24 15:00:00,22852,518,601984,,,,,,4575,167
2020-07-25 15:00:00,23263,526,611333,,,,,,4544,170
2020-07-26 15:00:00,23730,534,621714,6,2,,,,4568,169
2020-07-27 15:00:00,24141,543,631274,6,3,,,,4571,171
2020-07-28 15:00:00,24520,551,641091,,,,,,4531,156
2020-07-29 15:00:00,24892,558,650744,,,,,,4501,143
2020-07-30 15:00:00,25213,565,659548,,,,,,4353,150
2020-07-31 15:00:00,25552,573,668984,,,,,,4305,162
2020-08-01 15:00:00,25882,582,678093,,,,,,4256,159
2020-08-02 15:00:00,26193,590,686488,,,,,,4196,146
2020-08-03 15:00:00,26451,598,693656,,,,,,3554,146
2020-08-04 15:00:00,26738,605,703246,,,,,,3430,143
2020-08-05 15:00:00,27033,614,713104,,,,,,3315,132
2020-08-06 15:00:00,27332,621,723137,,,,,,3224,120
2020-08-07 15:00:00,27608,626,733059,,,,,,3154,118
2020-08-08 15:00:00,27863,632,741073,,,,,,3096,121
2020-08-09 15:00:00,28099,641,747324,,,,,,2999,106
2020-08-10 15:00:00,28262,646,754143,,,,,,2873,107
2020-08-11 15:00:00,28497,652,762229,,,,,,2817,91
2020-08-12 15:00:00,28751,658,770997,,,,,,2454,87
2020-08-13 15:00:00,28998,661,780097,,,,,,2220,78
2020-08-14 15:00:00,29233,665,789480,,,,,,2128,78
2020-08-15 15:00:00,29471,670,798009,,,,,,1947,75
2020-08-16 15:00:00,29682,674,804568,,,,,,1897,73
2020-08-17 15:00:00,29782,677,811920,,,,,,1612,68
2020-08-18 15:00:00,29890,681,821106,,,,,,1507,64
2020-08-19 15:00:00,30048,684,831677,,,,,,1456,57
2020-08-20 15:00:00,30209,689,842441,,,,,,1245,52
2020-08-21 15:00:00,30378,692,854059,,,,,,1194,52
2020-08-22 15:00:00,30548,695,862729,,,,,,1116,46
2020-08-23 15:00:00,30657,698,869668,,,,,,931,46
2020-08-24 15:00:00,30714,701,876929,,,,,,881,44
2020-08-25 15:00:00,30820,705,885575,,,,,,772,36
2020-08-26 15:00:00,30974,707,895507,,,,,,734,37
2020-08-27 15:00:00,31099,707,904343,,,,,,696,36
2020-08-28 15:00:00,31207,709,913856,,,,,,673,36
2020-08-29 15:00:00,31282,710,920852,,,,,,641,40
2020-08-30 15:00:00,31365,711,925208,,,,,,626,48
2020-08-31 15:00:00,31406,713,931037,,,,,,638,47
2020-09-01 15:00:00,31482,715,938546,,,,,,579,48
2020-09-02 15:00:00,31581,716,947298,,,,,,571,39
2020-09-03 15:00:00,31676,718,955730,,,,,,545,41
2020-09-04 15:00:00,31772,721,966563,,,,,,522,39
2020-09-05 15:00:00,31849,723,974411,,,,,,489,38
2020-09-06 15:00:00,31905,724,978600,,,,,,479,35
2020-09-07 15:00:00,31941,725,984798,,,,,,487,33
2020-09-08 15:00:00,31994,727,993140,,,,,,437,38
2020-09-09 15:00:00,32078,728,1001425,,,,,,407,35
2020-09-10 15:00:00,32136,729,1009401,,,,,,398,35
2020-09-11 15:00:00,32228,730,1018908,,,,,,393,33
2020-09-12 15:00:00,32300,731,1024976,,,,,,383,29
2020-09-13 15:00:00,32408,733,1028058,,,,,,390,28
2020-09-14 15:00:00,32437,733,1033988,,,,,,391,28
2020-09-15 15:00:00,32511,735,1041697,,,,,,365,28
2020-09-16 15:00:00,32613,736,1049379,,,,,,341,23
2020-09-17 15:00:00,32695,738,1056256,,,,,,320,21
2020-09-18 15:00:00,32757,739,1063667,,,,,,331,20
2020-09-19 15:00:00,32840,740,1069626,,,,,,323,23
2020-09-20 15:00:00,32908,741,1072801,,,,,,337,25
2020-09-21 15:00:00,32938,743,1078079,,,,,,330,23
2020-09-22 15:00:00,32999,743,1084893,,,,,,323,23
2020-09-23 15:00:00,33080,744,1092359,,,,,,315,22
2020-09-24 15:00:00,33163,745,1099022,,,,,,294,22
2020-09-25 15:00:00,33238,746,1106444,,,,,,276,22
2020-09-26 15:00:00,33312,746,1111957,,,,,,266,22
2020-09-27 15:00:00,33384,747,1115095,,,,,,274,21
2020-09-28 15:00:00,33414,748,1120363,,,,,,279,20
2020-09-29 15:00:00,33479,749,1127678,,,,,,261,20
2020-09-30 15:00:00,33551,749,1134239,,,,,,269,21
2020-10-01 15:00:00,33662,750,1140378,,,,,,276,23
2020-10-02 15:00:00,33735,751,1147039,,,,,,281,23
2020-10-03 15:00:00,33842,753,1151790,,,,,,276,20
2020-10-04 15:00:00,33901,754,1154457,,,,,,284,21
2020-10-05 15:00:00,33952,756,1159806,,,,,,289,20
2020-10-06 15:00:00,34072,757,1166882,,,,,,286,19
2020-10-07 15:00:00,34193,758,1173582,,,,,,283,20
2020-10-08 15:00:00,34344,760,1179721,,,,,,291,21
2020-10-09 15:00:00,34517,761,1186654,,,,,,301,21
2020-10-10 15:00:00,34685,762,1191630,,,,,,305,22
2020-10-11 15:00:00,34787,763,1194536,,,,,,315,20
2020-10-12 15:00:00,34854,765,1199799,,,,,,326,20
2020-10-13 15:00:00,35006,767,1206976,,,,,,329,22
2020-10-14 15:00:00,35251,768,1213404,,,,,,351,22
2020-10-15 15:00:00,35454,770,1219908,,,,,,359,25
2020-10-16 15:00:00,35719,772,1227337,,,,,,365,23
2020-10-17 15:00:00,35946,774,1232793,,,,,,372,22
2020-10-18 15:00:00,36160,776,1236118,,,,,,390,24
2020-10-19 15:00:00,36282,778,1241864,,,,,,408,24
2020-10-20 15:00:00,36608,780,1249106,,,,,,441,25
2020-10-21 15:00:00,37120,781,1256531,,,,,,490,27
2020-10-22 15:00:00,37536,783,1263246,,,,,,515,24
2020-10-23 15:00:00,38115,786,1271455,,,,,,530,24
2020-10-24 15:00:00,38872,789,1278277,,,,,,616,23
2020-10-25 15:00:00,39486,792,1283016,,,,,,694,26
2020-10-26 15:00:00,39827,793,1289519,,,,,,768,39
2020-10-27 15:00:00,40880,798,1298949,,,,,,823,38
2020-10-28 15:00:00,42208,803,1308639,,,,,,946,39
2020-10-29 15:00:00,43592,809,1318096,,,,,,1012,44
2020-10-30 15:00:00,45137,814,1329100,,,,,,1048,47
2020-10-31 15:00:00,46954,820,1338631,,,,,,1122,51
2020-11-01 15:00:00,48403,826,1345170,,,,,,1196,52
2020-11-02 15:00:00,49205,833,1352657,,,,,,1242,51
2020-11-03 15:00:00,51083,844,1363619,,,,,,1397,49
2020-11-04 15:00:00,53495,850,1376236,,,,,,2014,53
2020-11-05 15:00:00,55676,861,1388716,,,,,,2125,57
2020-11-06 15:00:00,57958,871,1401663,,,,,,2307,74
2020-11-07 15:00:00,60635,880,1412855,,,,,,2442,77
2020-11-08 15:00:00,62747,890,1421154,,,,,,2549,106
2020-11-09 15:00:00,64065,901,1429551,,,,,,2637,119
2020-11-10 15:00:00,66888,915,1442642,,,,,,2764,126
2020-11-11 15:00:00,70424,936,1455156,,,,,,2959,143
2020-11-12 15:00:00,73765,955,1468164,,,,,,3343,151
2020-11-13 15:00:00,77264,972,1482280,,,,,,3564,158
2020-11-14 15:00:00,81086,989,1496295,,,,,,3693,163
2020-11-15 15:00:00,84568,1009,1507822,,,,,,3847,164
2020-11-16 15:00:00,87381,1030,1519315,,,,,,3963,161
2020-11-17 15:00:00,92375,1054,1536960,,,,,,4963,179
2020-11-18 15:00:00,97988,1081,1555000,,,,,,5317,182
2020-11-19 15:00:00,104097,1110,1573980,,,,,,5589,186
2020-11-20 15:00:00,110351,1140,1593281,,,,,,5803,192
2020-11-21 15:00:00,116125,1168,1610219,,,,,,6071,209
2020-11-22 15:00:00,121120,1199,1623648,,,,,,6214,212
2020-11-23 15:00:00,126187,1237,1638709,,,,,,6329,216
2020-11-24 15:00:00,133029,1274,1660185,,,,,,6478,225
2020-11-25 15:00:00,140608,1315,1682416,,,,,,6597,223
2020-11-26 15:00:00,148214,1366,1703985,,,,,,6772,243
2020-11-27 15:00:00,155994,1423,1726389,,,,,,6901,245
2020-11-28 15:00:00,163035,1484,1744981,,,,,,7011,254
2020-11-29 15:00:00,169214,1549,1760489,,,,,,7256,252
2020-11-30 15:00:00,175438,1604,1777582,,,,,,7368,253
2020-12-01 15:00:00,183437,1652,1800419,,,,,,7499,269
2020-12-02 15:00:00,191356,1704,1822488,,,,,,7611,270
2020-12-03 15:00:00,199158,1765,1844731,,,,,,7726,288
2020-12-04 15:00:00,206940,1834,1867228,,,,,,7841,270
2020-12-05 15:00:00,213843,1891,1885460,,,,,,7988,279
2020-12-06 15:00:00,219652,1949,1899946,,,,,,8106,278
2020-12-07 15:00:00,226209,2005,1915643,,,,,,8209,283
2020-12-08 15:00:00,234027,2062,1936157,,,,,,8317,289
2020-12-09 15:00:00,241831,2116,1958473,,,,,,8489,319
2020-12-10 15:00:00,249224,2172,1980272,,,,,,8594,323
2020-12-11 15:00:00,255758,2227,2000098,,,,,,8667,319
2020-12-12 15:00:00,261437,2275,2016984,,,,,,8744,318
2020-12-13 15:00:00,266432,2331,2030691,,,,,,8801,331
2020-12-14 15:00:00,271364,2380,2046456,,,,,,8842,334
2020-12-15 15:00:00,277248,2433,2065445,,,,,,9320,312
2020-12-16 15:00:00,282601,2482,2083929,,,,,,9443,333
2020-12-17 15:00:00,287730,2529,2101389,,,,,,9499,353
2020-12-18 15:00:00,292640,2580,2118129,,,,,,9544,349
2020-12-19 15:00:00,296528,2632,2130707,,,,,,9581,326
2020-12-20 15:00:00,300062,2686,2141775,,,,,,9604,314
2020-12-21 15:00:00,303747,2733,2155365,,,,,,9627,330
2020-12-22 15:00:00,307827,2782,2171387,,,,,,9651,313
2020-12-23 15:00:00,312253,2833,2188004,,,,,,9672,309
2020-12-24 15:00:00,316344,2882,2203391,,,,,,9688,312
2020-12-25 15:00:00,320167,2931,2218185,,,,,,9699,300
2020-12-26 15:00:00,323367,2983,2231386,,,,,,9723,295
2020-12-27 15:00:00,326060,3030,2242785,,,,,,9731,305
2020-12-28 15:00:00,328619,3073,2253975,,,,,,9728,288
2020-12-29 15:00:00,331755,3119,2268962,,,,,,9366,283
2020-12-30 15:00:00,334991,3163,2283406,,,,,,9014,269
2020-12-31 15:00:00,337923,3211,2296303,,,,,,8765,271
2021-01-01 15:00:00,339997,3250,2305585,,,,,,8534,283
2021-01-02 15:00:00,341904,3288,2312861,,,,,,8011,276
2021-01-03 15:00:00,343870,3325,2320434,,,,,,7631,265
2021-01-04 15:00:00,346585,3364,2331636,,,,,,7126,259
2021-01-05 15:00:00,349238,3405,2344590,,,,,,6719,242
2021-01-06 15:00:00,352120,3444,2358102,,,,,,6405,234
2021-01-07 15:00:00,353907,3479,2366947,,,,,,6311,229
2021-01-08 15:00:00,356125,3513,2378015,,,,,,6046,215
2021-01-09 15:00:00,357894,3548,2389138,,,,,,5911,207
2021-01-10 15:00:00,359689,3582,2399702,,,,,,5877,201
2021-01-11 15:00:00,361782,3610,2410824,,,,,,5609,194
2021-01-12 15:00:00,363924,3639,2424147,,,,,,5554,189
2021-01-13 15:00:00,366191,3664,2437036,,,,,,5503,189
2021-01-14 15:00:00,368072,3687,2448761,,,,,,5462,195
2021-01-15 15:00:00,369823,3708,2459722,,,,,,5409,196
2021-01-16 15:00:00,371216,3730,2468821,,,,,,5362,201
2021-01-17 15:00:00,372533,3750,2476551,,,,,,5304,199
2021-01-18 15:00:00,374111,3771,2485591,,,,,,5214,182
2021-01-19 15:00:00,375799,3791,2496125,,,,,,5089,171
2021-01-20 15:00:00,377445,3810,2506636,,,,,,4924,175
2021-01-21 15:00:00,379093,3830,2516876,,,,,,4803,166
2021-01-22 15:00:00,380802,3849,2527514,,,,,,4731,161
2021-01-23 15:00:00,382285,3868,2536948,,,,,,4718,165
2021-01-24 15:00:00,383603,3886,2544497,,,,,,4693,178
2021-01-25 15:00:00,385126,3905,2553276,,,,,,4512,176
2021-01-26 15:00:00,387206,3924,2566764,,,,,,4379,168
2021-01-27 15:00:00,389045,3944,2578207,,,,,,4281,164
2021-01-28 15:00:00,390637,3965,2588844,,,,,,4206,162
2021-01-29 15:00:00,392354,3983,2600004,,,,,,4119,158
2021-01-30 15:00:00,393897,4000,2609580,,,,,,4103,153
2021-01-31 15:00:00,395263,4020,2617473,,,,,,4088,143
2021-02-01 15:00:00,397002,4038,2627944,,,,,,4034,145
2021-02-02 15:00:00,398905,4056,2640135,,,,,,4017,139
2021-02-03 15:00:00,400837,4071,2652095,,,,,,4002,153
2021-02-04 15:00:00,402700,4085,2664142,,,,,,3994,138
2021-02-05 15:00:00,404668,4099,2675996,,,,,,3987,126
2021-02-06 15:00:00,406352,4112,2685755,,,,,,3904,129
2021-02-07 15:00:00,407881,4126,2693265,,,,,,3877,135
2021-02-08 15:00:00,409841,4139,2703723,,,,,,3818,128
2021-02-09 15:00:00,411855,4154,2716553,,,,,,3814,129
2021-02-10 15:00:00,413943,4168,2729540,,,,,,3810,134
2021-02-11 15:00:00,415943,4183,2742087,,,,,,3815,141
2021-02-12 15:00:00,417871,4199,2753786,,,,,,3832,129
2021-02-13 15:00:00,419493,4214,2762877,,,,,,3840,135
2021-02-14 15:00:00,420879,4230,2770169,,,,,,3846,134
2021-02-15 15:00:00,422210,4245,2775719,,,,,,3891,142
2021-02-16 15:00:00,424020,4261,2784210,,,,,,3404,139
2021-02-17 15:00:00,426487,4277,2797273,,,,,,3451,142
2021-02-18 15:00:00,429048,4292,2810689,,,,,,3472,148
2021-02-19 15:00:00,431680,4306,2824207,,,,,,3499,152
2021-02-20 15:00:00,434122,4321,2835856,,,,,,3523,153
2021-02-21 15:00:00,436640,4337,2846122,,,,,,3569,151
2021-02-22 15:00:00,439596,4351,2858176,,,,,,3641,153
2021-02-23 15:00:00,442853,4366,2873176,,,,,,3727,157
2021-02-24 15:00:00,446313,4383,2888376,,,,,,3776,152
2021-02-25 15:00:00,449901,4398,2903450,,,,,,3832,153
2021-02-26 15:00:00,453240,4414,2917578,,,,,,3876,159
2021-02-27 15:00:00,456450,4429,2930139,,,,,,3912,160
2021-02-28 15:00:00,459259,4443,2940507,,,,,,3912,162
2021-03-01 15:00:00,462728,4459,2953793,,,,,,3977,164
2021-03-02 15:00:00,466885,4475,2970536,,,,,,4031,168
2021-03-03 15:00:00,470941,4491,2986711,,,,,,4072,161
2021-03-04 15:00:00,474807,4508,3002480,,,,,,4109,173
2021-03-05 15:00:00,478878,4525,3018254,,,,,,4161,166
2021-03-06 15:00:00,482397,4542,3031341,,,,,,4182,169
2021-03-07 15:00:00,485439,4562,3041684,,,,,,4199,171
2021-03-08 15:00:00,489530,4579,3055280,,,,,,4237,176
2021-03-09 15:00:00,494106,4599,3072096,,,,,,4279,189
2021-03-10 15:00:00,498696,4620,3089025,,,,,,4311,212
2021-03-11 15:00:00,503291,4644,3106074,,,,,,4359,213
2021-03-12 15:00:00,507959,4670,3122905,,,,,,4408,208
2021-03-13 15:00:00,512051,4694,3136899,,,,,,4445,205
2021-03-14 15:00:00,516277,4719,3149048,,,,,,4479,207
2021-03-15 15:00:00,520911,4747,3164313,,,,,,4516,219
2021-03-16 15:00:00,526112,4778,3182095,,,,,,4671,211
2021-03-17 15:00:00,531558,4810,3200383,,,,,,4859,209
2021-03-18 15:00:00,536904,4840,3218400,,,,,,5099,222
2021-03-19 15:00:00,542209,4869,3235608,,,,,,5277,228
2021-03-20 15:00:00,546896,4900,3250474,,,,,,5414,230
2021-03-21 15:00:00,551128,4934,3262916,,,,,,5531,235
2021-03-22 15:00:00,555897,4966,3277390,,,,,,5899,236
2021-03-23 15:00:00,561372,5002,3295548,,,,,,6187,238
2021-03-24 15:00:00,566669,5039,3313232,,,,,,6349,243
2021-03-25 15:00:00,571895,5075,3330762,,,,,,6577,242
2021-03-26 15:00:00,577120,5114,3348198,,,,,,6713,241
2021-03-27 15:00:00,581617,5151,3362593,,,,,,6844,254
2021-03-28 15:00:00,585506,5190,3374035,,,,,,6967,269
2021-03-29 15:00:00,590018,5231,3388114,,,,,,7116,252
2021-03-30 15:00:00,595489,5270,3406642,,,,,,7205,276
2021-03-31 15:00:00,600596,5308,3424443,,,,,,7368,290
2021-04-01 15:00:00,605406,5345,3441136,,,,,,7509,291
2021-04-02 15:00:00,610232,5384,3458046,,,,,,7641,299
2021-04-03 15:00:00,614365,5422,3471955,,,,,,7749,297
2021-04-04 15:00:00,617669,5458,3483666,,,,,,7794,292
2021-04-05 15:00:00,621375,5497,3497640,,,,,,7839,282
2021-04-06 15:00:00,625773,5537,3515873,,,,,,7894,271
2021-04-07 15:00:00,629388,5579,3531777,,,,,,7938,267
2021-04-08 15:00:00,633013,5620,3547832,,,,,,7929,265
2021-04-09 15:00:00,636418,5659,3563364,,,,,,7917,264
2021-04-10 15:00:00,639476,5700,3577398,,,,,,7903,260
2021-04-11 15:00:00,642208,5735,3588296,,,,,,7890,266
2021-04-12 15:00:00,645173,5773,3601063,,,,,,7809,254
2021-04-13 15:00:00,648745,5808,3617179,,,,,,7648,247
2021-04-14 15:00:00,651899,5846,3632392,,,,,,7511,247
2021-04-15 15:00:00,654870,5881,3646957,,,,,,7341,259
2021-04-16 15:00:00,657716,5920,3661150,,,,,,7187,239
2021-04-17 15:00:00,660299,5954,3673249,,,,,,7011,228
2021-04-18 15:00:00,662368,5991,3683511,,,,,,6879,218
2021-04-19 15:00:00,664972,6026,3695993,,,,,,6701,217
2021-04-20 15:00:00,667937,6058,3711555,,,,,,6512,219
2021-04-21 15:00:00,670801,6095,3726602,,,,,,6388,228
2021-04-22 15:00:00,673520,6130,3741146,,,,,,6174,219
2021-04-23 15:00:00,675904,6164,3754852,,,,,,5897,207
2021-04-24 15:00:00,677972,6196,3766407,,,,,,5699,209
2021-04-25 15:00:00,679667,6227,3775363,,,,,,5601,202
2021-04-26 15:00:00,681654,6257,3787020,,,,,,5318,183
2021-04-27 15:00:00,683799,6286,3800708,,,,,,5146,171
2021-04-28 15:00:00,685937,6312,3814540,,,,,,4987,161
2021-04-29 15:00:00,687944,6337,3828544,,,,,,4711,171
2021-04-30 15:00:00,689557,6362,3839381,,,,,,4664,169
2021-05-01 15:00:00,690931,6386,3847549,,,,,,4592,160
2021-05-02 15:00:00,691920,6409,3853869,,,,,,4549,153
2021-05-03 15:00:00,693169,6432,3860140,,,,,,4497,141
2021-05-04 15:00:00,694473,6456,3869214,,,,,,4429,138
2021-05-05 15:00:00,695875,6478,3881861,,,,,,4113,145
2021-05-06 15:00:00,697241,6499,3894730,,,,,,3998,138
2021-05-07 15:00:00,698518,6519,3907936,,,,,,3901,131
2021-05-08 15:00:00,699574,6539,3919856,,,,,,3869,135
2021-05-09 15:00:00,700408,6558,3929245,,,,,,3827,137
2021-05-10 15:00:00,701326,6576,3939470,,,,,,3786,127
2021-05-11 15:00:00,702451,6594,3952559,,,,,,3701,115
2021-05-12 15:00:00,703497,6611,3964964,,,,,,3492,104
2021-05-13 15:00:00,704398,6629,3977053,,,,,,3311,98
2021-05-14 15:00:00,705185,6646,3989567,,,,,,3047,101
2021-05-15 15:00:00,705890,6664,4001180,,,,,,2963,97
2021-05-16 15:00:00,706458,6681,4009511,,,,,,2799,99
2021-05-17 15:00:00,707033,6696,4018840,,,,,,2681,93
2021-05-18 15:00:00,707719,6710,4030710,,,,,,2410,86
2021-05-19 15:00:00,708328,6725,4041471,,,,,,2289,80
2021-05-20 15:00:00,708878,6739,4051533,,,,,,2008,70
2021-05-21 15:00:00,709269,6752,4061461,,,,,,1879,67
2021-05-22 15:00:00,709673,6766,4070548,,,,,,1655,65
2021-05-23 15:00:00,709939,6777,4077396,,,,,,1402,66
2021-05-24 15:00:00,710315,6788,4086694,,,,,,1201,68
2021-05-25 15:00:00,710729,6801,4097597,,,,,,1079,58
2021-05-26 15:00:00,711116,6811,4107942,,,,,,981,63
2021-05-27 15:00:00,711442,6823,4117928,,,,,,878,61
2021-05-28 15:00:00,711772,6834,4128117,,,,,,801,59
2021-05-29 15:00:00,712046,6844,4137413,,,,,,746,55
2021-05-30 15:00:00,712224,6854,4144092,,,,,,702,56
2021-05-31 15:00:00,712472,6865,4152776,,,,,,661,46
2021-06-01 15:00:00,712702,6872,4164197,,,,,,594,41
2021-06-02 15:00:00,712989,6881,4175109,,,,,,581,38
2021-06-03 15:00:00,713207,6890,4185210,,,,,,568,36
2021-06-04 15:00:00,713417,6900,4196260,,,,,,557,29
2021-06-05 15:00:00,713562,6909,4205174,,,,,,546,29
2021-06-06 15:00:00,713678,6917,4211448,,,,,,531,26
2021-06-07 15:00:00,713840,6924,4220000,,,,,,518,28
2021-06-08 15:00:00,714054,6930,4230788,,,,,,511,24
2021-06-09 15:00:00,714252,6938,4240178,,,,,,510,20
2021-06-10 15:00:00,714462,6945,4249908,,,,,,507,20
2021-06-11 15:00:00,714634,6951,4259803,,,,,,501,19
2021-06-12 15:00:00,714753,6958,4267670,,,,,,488,22
2021-06-13 15:00:00,714891,6962,4274129,,,,,,479,23
2021-06-14 15:00:00,715015,6970,4282416,,,,,,461,24
2021-06-15 15:00:00,715147,6976,4293037,,,,,,407,20
2021-06-16 15:00:00,715307,6980,4302390,,,,,,392,19
2021-06-17 15:00:00,715442,6985,4311577,,,,,,388,16
2021-06-18 15:00:00,715604,6990,4321518,,,,,,381,19
2021-06-19 15:00:00,715693,6997,4329845,,,,,,374,15
2021-06-20 15:00:00,715753,7001,4335783,,,,,,369,16
2021-06-21 15:00:00,715841,7004,4343775,,,,,,341,21
2021-06-22 15:00:00,715913,7010,4353024,,,,,,334,18
2021-06-23 15:00:00,716016,7013,4361392,,,,,,331,18
2021-06-24 15:00:00,716096,7019,4369744,,,,,,324,16
2021-06-25 15:00:00,716172,7024,4377474,,,,,,326,13
2021-06-26 15:00:00,716238,7029,4384783,,,,,,321,11
2021-06-27 15:00:00,716301,7031,4389686,,,,,,314,12
2021-06-28 15:00:00,716385,7039,4397216,,,,,,309,13
2021-06-29 15:00:00,716458,7043,4406080,,,,,,301,7
2021-06-30 15:00:00,716562,7047,4414477,,,,,,293,12
2021-07-01 15:00:00,716643,7047,4422502,,,,,,291,13
2021-07-02 15:00:00,716717,7051,4430567,,,,,,288,11
2021-07-03 15:00:00,716796,7055,4437454,,,,,,284,8
2021-07-04 15:00:00,716873,7058,4442861,,,,,,279,9
2021-07-05 15:00:00,716983,7059,4450742,,,,,,281,11
2021-07-06 15:00:00,717093,7061,4460114,,,,,,283,12
2021-07-07 15:00:00,717196,7063,4468634,,,,,,280,10
2021-07-08 15:00:00,717293,7064,4476746,,,,,,282,10
2021-07-09 15:00:00,717403,7067,4485151,,,,,,286,8
2021-07-10 15:00:00,717480,7070,4492111,,,,,,281,6
2021-07-11 15:00:00,717549,7072,4496985,,,,,,277,6
2021-07-12 15:00:00,717667,7073,4505390,,,,,,281,4
2021-07-13 15:00:00,717812,7076,4514773,,,,,,292,4
2021-07-14 15:00:00,717937,7077,4523641,,,,,,294,4
2021-07-15 15:00:00,718093,7078,4532259,,,,,,289,7
2021-07-16 15:00:00,718299,7078,4540946,,,,,,299,6
2021-07-17 15:00:00,718465,7080,4548523,,,,,,301,6
2021-07-18 15:00:00,718590,7083,4554099,,,,,,297,8
2021-07-19 15:00:00,718817,7084,4563171,,,,,,305,8
2021-07-20 15:00:00,719006,7088,4572957,,,,,,311,7
2021-07-21 15:00:00,719234,7092,4582288,,,,,,316,10
2021-07-22 15:00:00,719462,7095,4591257,,,,,,320,11
2021-07-23 15:00:00,719664,7098,4600110,,,,,,323,10
2021-07-24 15:00:00,719913,7103,4608706,,,,,,327,9
2021-07-25 15:00:00,720112,7104,4614863,,,,,,329,9
2021-07-26 15:00:00,720353,7105,4623680,,,,,,338,11
2021-07-27 15:00:00,720643,7108,4634126,,,,,,341,11
2021-07-28 15:00:00,720975,7108,4643835,,,,,,357,11
2021-07-29 15:00:00,721267,7110,4653071,,,,,,364,13
2021-07-30 15:00:00,721620,7112,4663159,,,,,,388,11
2021-07-31 15:00:00,721918,7114,4671408,,,,,,417,11
2021-08-01 15:00:00,722221,7118,4677471,,,,,,431,8
2021-08-02 15:00:00,722607,7122,4686746,,,,,,452,8
2021-08-03 15:00:00,723031,7127,4697822,,,,,,488,9
2021-08-04 15:00:00,723518,7129,4708532,,,,,,521,7
2021-08-05 15:00:00,724097,7132,4718892,,,,,,574,10
2021-08-06 15:00:00,724661,7133,4729413,,,,,,609,12
2021-08-07 15:00:00,725245,7135,4738996,,,,,,648,14
2021-08-08 15:00:00,725702,7139,4745124,,,,,,667,12
2021-08-09 15:00:00,726454,7143,4755787,,,,,,703,15
2021-08-10 15:00:00,727246,7146,4767198,,,,,,733,17
2021-08-11 15:00:00,728167,7151,4778427,,,,,,797,20
2021-08-12 15:00:00,729150,7152,4789840,,,,,,823,23
2021-08-13 15:00:00,730222,7158,4801164,,,,,,831,25
2021-08-14 15:00:00,731227,7163,4811876,,,,,,849,25
2021-08-15 15:00:00,732044,7167,4819797,,,,,,856,27
2021-08-16 15:00:00,733332,7174,4831558,,,,,,868,26
2021-08-17 15:00:00,734816,7177,4845253,,,,,,879,26
2021-08-18 15:00:00,736313,7183,4858071,,,,,,894,30
2021-08-19 15:00:00,737969,7188,4870940,,,,,,917,28
2021-08-20 15:00:00,739561,7195,4883713,,,,,,925,29
2021-08-21 15:00:00,741071,7206,4895234,,,,,,938,30
2021-08-22 15:00:00,742313,7214,4903335,,,,,,945,31
2021-08-23 15:00:00,744150,7218,4915426,,,,,,961,39
2021-08-24 15:00:00,746366,7226,4931082,,,,,,1007,44
2021-08-25 15:00:00,748693,7233,4946395,,,,,,1032,52
2021-08-26 15:00:00,751147,7240,4960665,,,,,,1057,58
2021-08-27 15:00:00,753581,7248,4975112,,,,,,1079,65
2021-08-28 15:00:00,755895,7257,4987618,,,,,,1101,74
2021-08-29 15:00:00,757617,7266,4997121,,,,,,1119,83
2021-08-30 15:00:00,759952,7278,5009861,,,,,,1157,75
2021-08-31 15:00:00,762933,7292,5025390,,,,,,1231,80
2021-09-01 15:00:00,766279,7307,5042425,,,,,,1308,87
2021-09-02 15:00:00,769803,7322,5058559,,,,,,1347,79
2021-09-03 15:00:00,773426,7339,5074749,,,,,,1403,87
2021-09-04 15:00:00,776923,7358,5089876,,,,,,1451,93
2021-09-05 15:00:00,779723,7379,5101239,,,,,,1479,108
2021-09-06 15:00:00,783826,7398,5117688,,,,,,1571,110
2021-09-07 15:00:00,788895,7421,5138131,,,,,,1701,121
2021-09-08 15:00:00,794528,7445,5159888,,,,,,1908,121
2021-09-09 15:00:00,800359,7468,5182519,,,,,,2234,129
2021-09-10 15:00:00,806448,7493,5205343,,,,,,2502,128
2021-09-11 15:00:00,811909,7520,5225186,,,,,,2711,132
2021-09-12 15:00:00,816912,7548,5241284,,,,,,2780,138
2021-09-13 15:00:00,823161,7575,5262447,,,,,,3057,142
2021-09-14 15:00:00,830884,7601,5290374,,,,,,3211,156
2021-09-15 15:00:00,838512,7633,5316382,,,,,,3621,167
2021-09-16 15:00:00,846114,7664,5342565,,,,,,3901,156
2021-09-17 15:00:00,853686,7698,5368692,,,,,,4054,163
2021-09-18 15:00:00,860431,7733,5391239,,,,,,4199,177
2021-09-19 15:00:00,865686,7770,5407881,,,,,,4401,183
2021-09-20 15:00:00,872110,7808,5428465,,,,,,4642,181
2021-09-21 15:00:00,879342,7846,5453479,,,,,,4837,188
2021-09-22 15:00:00,886543,7885,5476887,,,,,,5014,195
2021-09-23 15:00:00,893023,7926,5498341,,,,,,5197,191
2021-09-24 15:00:00,899485,7966,5519631,,,,,,5401,201
2021-09-25 15:00:00,905677,8008,5539038,,,,,,5663,212
2021-09-26 15:00:00,911066,8051,5554717,,,,,,5811,217
2021-09-27 15:00:00,917802,8097,5575278,,,,,,5957,225
2021-09-28 15:00:00,926269,8142,5601570,,,,,,6155,251
2021-09-29 15:00:00,934440,8187,5626417,,,,,,6241,243
2021-09-30 15:00:00,941989,8234,5650408,,,,,,6304,241
2021-10-01 15:00:00,949260,8280,5673123,,,,,,6361,246
2021-10-02 15:00:00,955672,8331,5692875,,,,,,6410,253
2021-10-03 15:00:00,961006,8380,5707825,,,,,,6456,259
2021-10-04 15:00:00,966989,8430,5727277,,,,,,6511,256
2021-10-05 15:00:00,974179,8481,5751180,,,,,,6519,269
2021-10-06 15:00:00,981329,8531,5775117,,,,,,6530,278
2021-10-07 15:00:00,988307,8582,5798095,,,,,,6579,282
2021-10-08 15:00:00,994708,8631,5819214,,,,,,6584,279
2021-10-09 15:00:00,1000365,8683,5839285,,,,,,6595,285
2021-10-10 15:00:00,1005168,8737,5855069,,,,,,6599,271
2021-10-11 15:00:00,1010868,8788,5874429,,,,,,6597,260
2021-10-12 15:00:00,1017798,8841,5898089,,,,,,6591,269
2021-10-13 15:00:00,1024497,8892,5920403,,,,,,6597,288
2021-10-14 15:00:00,1031283,8946,5943113,,,,,,6643,286
2021-10-15 15:00:00,1037707,8996,5964658,,,,,,6657,289
2021-10-16 15:00:00,1043758,9052,5984140,,,,,,6641,278
2021-10-17 15:00:00,1048835,9105,5999577,,,,,,6629,275
2021-10-18 15:00:00,1055296,9157,6020429,,,,,,6636,279
2021-10-19 15:00:00,1062960,9214,6045768,,,,,,6679,274
2021-10-20 15:00:00,1070705,9272,6070752,,,,,,6708,273
2021-10-21 15:00:00,1078032,9331,6095791,,,,,,6711,287
2021-10-22 15:00:00,1085728,9388,6120952,,,,,,6733,278
2021-10-23 15:00:00,1092476,9448,6142335,,,,,,6726,282
2021-10-24 15:00:00,1098209,9509,6159689,,,,,,6724,289
2021-10-25 15:00:00,1104117,9571,6179407,,,,,,6721,274
2021-10-26 15:00:00,1111957,9634,6205905,,,,,,6789,267
2021-10-27 15:00:00,1118905,9698,6230395,,,,,,6791,277
2021-10-28 15:00:00,1125602,9761,6253869,,,,,,6792,275
2021-10-29 15:00:00,1131819,9826,6276443,,,,,,6788,277
2021-10-30 15:00:00,1137820,9890,6296571,,,,,,6780,282
2021-10-31 15:00:00,1142749,9955,6312619,,,,,,6764,281
2021-11-01 15:00:00,1148645,10018,6332571,,,,,,6760,290
2021-11-02 15:00:00,1155756,10078,6357224,,,,,,6781,282
2021-11-03 15:00:00,1162482,10139,6381373,,,,,,6770,279
2021-11-04 15:00:00,1168608,10203,6403925,,,,,,6767,277
2021-11-05 15:00:00,1174333,10271,6425079,,,,,,6729,270
2021-11-06 15:00:00,1179137,10336,6442010,,,,,,6698,272
2021-11-07 15:00:00,1183025,10405,6455396,,,,,,6666,266
2021-11-08 15:00:00,1187373,10472,6472195,,,,,,6661,270
2021-11-09 15:00:00,1192476,10534,6492623,,,,,,6657,277
2021-11-10 15:00:00,1197082,10595,6511436,,,,,,6614,277
2021-11-11 15:00:00,1201080,10655,6526611,,,,,,6581,281
2021-11-12 15:00:00,1204902,10722,6542905,,,,,,6571,276
2021-11-13 15:00:00,1208386,10781,6557604,,,,,,6509,274
2021-11-14 15:00:00,1211163,10839,6569003,,,,,,6455,275
2021-11-15 15:00:00,1214650,10896,6584767,,,,,,6411,266
2021-11-16 15:00:00,1218423,10951,6603023,,,,,,6289,267
2021-11-17 15:00:00,1222023,11007,6621039,,,,,,6160,254
2021-11-18 15:00:00,1225242,11062,6637903,,,,,,6599,259
2021-11-19 15:00:00,1228328,11115,6654238,,,,,,6314,240
2021-11-20 15:00:00,1230976,11166,6668289,,,,,,6106,228
2021-11-21 15:00:00,1233057,11225,6678129,,,,,,5891,218
2021-11-22 15:00:00,1235828,11281,6693075,,,,,,5610,213
2021-11-23 15:00:00,1238861,11335,6710926,,,,,,5397,201
2021-11-24 15:00:00,1241492,11385,6727663,,,,,,5116,205
2021-11-25 15:00:00,1244169,11433,6743631,,,,,,4943,210
2021-11-26 15:00:00,1246508,11484,6759262,,,,,,4770,206
2021-11-27 15:00:00,1248719,11537,6773079,,,,,,4561,212
2021-11-28 15:00:00,1250393,11588,6782905,,,,,,4277,209
2021-11-29 15:00:00,1252573,11637,6797349,,,,,,4134,203
2021-11-30 15:00:00,1254845,11691,6814207,,,,,,3996,199
2021-12-01 15:00:00,1257025,11744,6830241,,,,,,3884,191
2021-12-02 15:00:00,1259005,11792,6845489,,,,,,3798,177
2021-12-03 15:00:00,1260806,11837,6860373,,,,,,3681,172
2021-12-04 15:00:00,1262419,11876,6872899,,,,,,3567,164
2021-12-05 15:00:00,1263663,11917,6881800,,,,,,3511,165
2021-12-06 15:00:00,1265228,11955,6895637,,,,,,3449,178
2021-12-07 15:00:00,1267112,11995,6911480,,,,,,3391,180
2021-12-08 15:00:00,1268787,12036,6927098,,,,,,3304,194
2021-12-09 15:00:00,1270407,12075,6941684,,,,,,3206,197
2021-12-10 15:00:00,1271794,12113,6955451,,,,,,3180,187
2021-12-11 15:00:00,1273103,12148,6968519,,,,,,3099,179
2021-12-12 15:00:00,1274047,12178,6976359,,,,,,3014,177
2021-12-13 15:00:00,1275214,12209,6988132,,,,,,2963,168
2021-12-14 15:00:00,1276761,12241,7003767,,,,,,2930,146
2021-12-15 15:00:00,1278120,12275,7018345,,,,,,2889,144
2021-12-16 15:00:00,1279445,12306,7032035,,,,,,2794,148
2021-12-17 15:00:00,1280644,12336,7045574,,,,,,2710,140
2021-12-18 15:00:00,1281659,12364,7056373,,,,,,2614,135
2021-12-19 15:00:00,1282461,12401,7064541,,,,,,2488,125
2021-12-20 15:00:00,1283490,12432,7077197,,,,,,2370,121
2021-12-21 15:00:00,1284757,12461,7093043,,,,,,2314,108
2021-12-22 15:00:00,1286025,12488,7107851,,,,,,2208,103
2021-12-23 15:00:00,1287202,12518,7122142,,,,,,2181,104
2021-12-24 15:00:00,1288395,12544,7136798,,,,,,2149,100
2021-12-25 15:00:00,1289493,12568,7149667,,,,,,2116,102
2021-12-26 15:00:00,1290469,12594,7158932,,,,,,2074,99
2021-12-27 15:00:00,1291718,12621,7172506,,,,,,2051,84
2021-12-28 15:00:00,1293394,12645,7189047,,,,,,2047,91
2021-12-29 15:00:00,1295198,12665,7205213,,,,,,2071,89
2021-12-30 15:00:00,1297147,12688,7221585,,,,,,2077,91
2021-12-31 15:00:00,1299339,12714,7239853,,,,,,2114,83
2022-01-01 15:00:00,1300949,12739,7250349,,,,,,2109,87
2022-01-02 15:00:00,1302856,12760,7261237,,,,,,2133,89
2022-01-03 15:00:00,1305621,12787,7275299,,,,,,2142,87
2022-01-04 15:00:00,1310845,12806,7297175,,,,,,2188,79
2022-01-05 15:00:00,1318333,12831,7322691,,,,,,2194,74
2022-01-06 15:00:00,1327455,12850,7349981,,,,,,2199,79
2022-01-07 15:00:00,1334994,12867,7372174,,,,,,2215,84
2022-01-08 15:00:00,1342646,12890,7395121,,,,,,2216,83
2022-01-09 15:00:00,1350595,12912,7418399,,,,,,2221,81
2022-01-10 15:00:00,1359544,12936,7444532,,,,,,2229,87
2022-01-11 15:00:00,1373237,12958,7481934,,,,,,2287,86
2022-01-12 15:00:00,1386114,12984,7515129,,,,,,2311,85
2022-01-13 15:00:00,1399867,13003,7548292,,,,,,2340,96
2022-01-14 15:00:00,1412588,13026,7579832,,,,,,2368,103
2022-01-15 15:00:00,1425147,13045,7609197,,,,,,2391,88
2022-01-16 15:00:00,1436395,13071,7634520,,,,,,2436,99
2022-01-17 15:00:00,1449192,13098,7663963,,,,,,2478,102
2022-01-18 15:00:00,1467198,13124,7703703,,,,,,2559,109
2022-01-19 15:00:00,1484516,13152,7740137,,,,,,2619,112
2022-01-20 15:00:00,1501621,13181,7776967,,,,,,2694,117
2022-01-21 15:00:00,1518024,13211,7811784,,,,,,2729,113
2022-01-22 15:00:00,1532741,13239,7842072,,,,,,2768,113
2022-01-23 15:00:00,1544900,13271,7866264,,,,,,2841,115
2022-01-24 15:00:00,1559946,13306,7897262,,,,,,2922,119
2022-01-25 15:00:00,1579847,13340,7936544,,,,,,3114,131
2022-01-26 15:00:00,1598910,13377,7974355,,,,,,3206,138
2022-01-27 15:00:00,1616584,13417,8010329,,,,,,3301,142
2022-01-28 15:00:00,1633868,13459,8045107,,,,,,3397,143
2022-01-29 15:00:00,1649293,13513,8075136,,,,,,3488,145
2022-01-30 15:00:00,1662446,13570,8100567,,,,,,3533,151
2022-01-31 15:00:00,1677798,13629,8132088,,,,,,3701,147
2022-02-01 15:00:00,1697012,13687,8171561,,,,,,3848,148
2022-02-02 15:00:00,1714863,13748,8208435,,,,,,3962,166
2022-02-03 15:00:00,1730486,13807,8242567,,,,,,4071,150
2022-02-04 15:00:00,1745005,13868,8273974,,,,,,4113,151
2022-02-05 15:00:00,1757741,13928,8302346,,,,,,4209,153
2022-02-06 15:00:00,1768343,13991,8324359,,,,,,4295,154
2022-02-07 15:00:00,1779782,14054,8351232,,,,,,4377,164
2022-02-08 15:00:00,1793554,14113,8384165,,,,,,4425,168
2022-02-09 15:00:00,1806086,14171,8414160,,,,,,4489,174
2022-02-10 15:00:00,1817207,14234,8443235,,,,,,4526,181
2022-02-11 15:00:00,1826787,14299,8469233,,,,,,4541,190
2022-02-12 15:00:00,1834974,14366,8491582,,,,,,4547,191
2022-02-13 15:00:00,1841010,14427,8507866,,,,,,4539,189
2022-02-14 15:00:00,1848040,14494,8527011,,,,,,4522,190
2022-02-15 15:00:00,1855174,14553,8546068,,,,,,4389,173
2022-02-16 15:00:00,1861413,14611,8563674,,,,,,4278,165
2022-02-17 15:00:00,1867836,14666,8584592,,,,,,4154,146
2022-02-18 15:00:00,1874134,14728,8604229,,,,,,3999,138
2022-02-19 15:00:00,1879237,14787,8621254,,,,,,3936,143
2022-02-20 15:00:00,1883113,14849,8633493,,,,,,3851,137
2022-02-21 15:00:00,1887596,14904,8651160,,,,,,3762,136
2022-02-22 15:00:00,1892187,14958,8670454,,,,,,3541,132
2022-02-23 15:00:00,1896575,15010,8688491,,,,,,3260,129
2022-02-24 15:00:00,1900293,15059,8704941,,,,,,3112,115
2022-02-25 15:00:00,1903494,15110,8719026,,,,,,2981,107
2022-02-26 15:00:00,1906142,15155,8730705,,,,,,2789,109
2022-02-27 15:00:00,1908272,15199,8740109,,,,,,2680,110
2022-02-28 15:00:00,1910975,15241,8754776,,,,,,2507,104
2022-03-01 15:00:00,1913861,15280,8769892,,,,,,2411,105
2022-03-02 15:00:00,1916707,15315,8785087,,,,,,2310,105
2022-03-03 15:00:00,1919327,15346,8800146,,,,,,2190,100
2022-03-04 15:00:00,1921831,15375,8814153,,,,,,2064,100
2022-03-05 15:00:00,1923977,15405,8825623,,,,,,1997,103
2022-03-06 15:00:00,1925618,15437,8834066,,,,,,1845,94
2022-03-07 15:00:00,1927849,15463,8847698,,,,,,1797,83
2022-03-08 15:00:00,1930437,15488,8862846,,,,,,1674,77
2022-03-09 15:00:00,1932814,15512,8877539,,,,,,1538,73
2022-03-10 15:00:00,1934953,15533,8891431,,,,,,1467,74
2022-03-11 15:00:00,1937183,15552,8904881,,,,,,1372,75
2022-03-12 15:00:00,1939150,15570,8915920,,,,,,1284,75
2022-03-13 15:00:00,1940516,15587,8924005,,,,,,1179,67
2022-03-14 15:00:00,1942727,15604,8938391,,,,,,1104,63
2022-03-15 15:00:00,1945142,15619,8956349,,,,,,1028,66
2022-03-16 15:00:00,1947591,15633,8973177,,,,,,1001,56
2022-03-17 15:00:00,1949953,15647,8989852,,,,,,970,47
2022-03-18 15:00:00,1952029,15662,9004798,,,,,,932,47
2022-03-19 15:00:00,1953897,15676,9017559,,,,,,888,46
2022-03-20 15:00:00,1955280,15687,9026652,,,,,,823,42
2022-03-21 15:00:00,1957450,15696,9042330,,,,,,805,45
2022-03-22 15:00:00,1959699,15706,9059726,,,,,,800,51
2022-03-23 15:00:00,1962013,15718,9076734,,,,,,784,43
2022-03-24 15:00:00,1964129,15727,9093179,,,,,,770,39
2022-03-25 15:00:00,1966078,15737,9108141,,,,,,753,42
2022-03-26 15:00:00,1967771,15746,9120134,,,,,,731,39
2022-03-27 15:00:00,1969044,15758,9128244,,,,,,709,38
2022-03-28 15:00:00,1970827,15768,9142320,,,,,,700,41
2022-03-29 15:00:00,1972760,15779,9158177,,,,,,702,37
2022-03-30 15:00:00,1974652,15788,9174040,,,,,,696,38
2022-03-31 15:00:00,1976567,15799,9189697,,,,,,699,42
2022-04-01 15:00:00,1978228,15809,9203251,,,,,,690,40
2022-04-02 15:00:00,1979729,15818,9214166,,,,,,688,32
2022-04-03 15:00:00,1980722,15825,9221892,,,,,,670,30
2022-04-04 15:00:00,1982193,15834,9235046,,,,,,666,33
2022-04-05 15:00:00,1983734,15842,9249135,,,,,,664,28
2022-04-06 15:00:00,1985085,15850,9262624,,,,,,661,27
2022-04-07 15:00:00,1986439,15862,9275301,,,,,,648,25
2022-04-08 15:00:00,1987756,15869,9286856,,,,,,637,26
2022-04-09 15:00:00,1988716,15877,9295508,,,,,,621,28
2022-04-10 15:00:00,1989415,15884,9302535,,,,,,613,28
2022-04-11 15:00:00,1990511,15890,9314097,,,,,,601,25
2022-04-12 15:00:00,1991620,15899,9326796,,,,,,589,23
2022-04-13 15:00:00,1992677,15906,9338695,,,,,,574,26
2022-04-14 15:00:00,1993661,15913,9350216,,,,,,561,24
2022-04-15 15:00:00,1994623,15916,9359560,,,,,,540,24
2022-04-16 15:00:00,1995351,15923,9367431,,,,,,525,25
2022-04-17 15:00:00,1995986,15927,9373088,,,,,,511,22
2022-04-18 15:00:00,1996868,15933,9383655,,,,,,493,20
2022-04-19 15:00:00,1997855,15936,9395105,,,,,,480,22
2022-04-20 15:00:00,1998776,15940,9405605,,,,,,471,22
2022-04-21 15:00:00,1999753,15945,9415165,,,,,,463,26
2022-04-22 15:00:00,2000516,15948,9422021,,,,,,451,24
2022-04-23 15:00:00,2001144,15953,9427662,,,,,,439,25
2022-04-24 15:00:00,2001654,15956,9432261,,,,,,421,27
2022-04-25 15:00:00,2002353,15960,9439734,,,,,,417,30
2022-04-26 15:00:00,2003334,15969,9450942,,,,,,415,27
2022-04-27 15:00:00,2004255,15976,9461757,,,,,,411,26
2022-04-28 15:00:00,2005072,15980,9471803,,,,,,406,25
2022-04-29 15:00:00,2005832,15984,9481282,,,,,,402,26
2022-04-30 15:00:00,2006353,15991,9487930,,,,,,391,23
2022-05-01 15:00:00,2006695,15999,9491908,,,,,,380,25
2022-05-02 15:00:00,2007091,16002,9497175,,,,,,372,21
2022-05-03 15:00:00,2007554,16005,9504063,,,,,,360,23
2022-05-04 15:00:00,2008143,16011,9513479,,,,,,352,21
2022-05-05 15:00:00,2008740,16015,9522660,,,,,,346,23
2022-05-06 15:00:00,2009249,16019,9530939,,,,,,340,22
2022-05-07 15:00:00,2009677,16024,9537555,,,,,,333,24
2022-05-08 15:00:00,2009979,16028,9542409,,,,,,320,20
2022-05-09 15:00:00,2010495,16033,9552196,,,,,,319,16
2022-05-10 15:00:00,2010961,16037,9561725,,,,,,316,18
2022-05-11 15:00:00,2011399,16040,9570938,,,,,,310,18
2022-05-12 15:00:00,2011825,16042,9579268,,,,,,303,14
2022-05-13 15:00:00,2012270,16045,9586620,,,,,,298,15
2022-05-14 15:00:00,2012597,16046,9592417,,,,,,290,14
2022-05-15 15:00:00,2012836,16049,9596815,,,,,,279,12
2022-05-16 15:00:00,2013240,16050,9606396,,,,,,270,16
2022-05-17 15:00:00,2013622,16053,9616050,,,,,,260,13
2022-05-18 15:00:00,2013983,16055,9624550,,,,,,245,11
2022-05-19 15:00:00,2014317,16057,9632413,,,,,,241,10
2022-05-20 15:00:00,2014653,16060,9639376,,,,,,234,9
2022-05-21 15:00:00,2014900,16063,9644475,,,,,,225,8
2022-05-22 15:00:00,2015086,16065,9648645,,,,,,218,10
2022-05-23 15:00:00,2015382,16068,9656839,,,,,,214,8
2022-05-24 15:00:00,2015711,16070,9665977,,,,,,211,9
2022-05-25 15:00:00,2016002,16074,9673849,,,,,,205,9
2022-05-26 15:00:00,2016266,16076,9681461,,,,,,199,10
2022-05-27 15:00:00,2016576,16077,9688176,,,,,,192,9
2022-05-28 15:00:00,2016793,16078,9693379,,,,,,190,11
2022-05-29 15:00:00,2016921,16079,9697264,,,,,,182,13
2022-05-30 15:00:00,2017189,16080,9705195,,,,,,178,12
2022-05-31 15:00:00,2017454,16081,9713099,,,,,,172,10
2022-06-01 15:00:00,2017703,16083,9720743,,,,,,146,10
2022-06-02 15:00:00,2017945,16083,9727801,,,,,,124,10
2022-06-03 15:00:00,2018216,16085,9733841,,,,,,105,10
2022-06-04 15:00:00,2018437,16087,9738664,,,,,,97,11
2022-06-05 15:00:00,2018609,16088,9742167,,,,,,95,10
2022-06-06 15:00:00,2018890,16091,9750019,,,,,,96,8
2022-06-07 15:00:00,2019171,16094,9758060,,,,,,94,10
2022-06-08 15:00:00,2019429,16096,9765361,,,,,,91,9
2022-06-09 15:00:00,2019706,16096,9772203,,,,,,92,11
2022-06-10 15:00:00,2019978,16098,9778284,,,,,,89,10
2022-06-11 15:00:00,2020173,16099,9782921,,,,,,90,8
2022-06-12 15:00:00,2020338,16101,9786426,,,,,,88,12
2022-06-13 15:00:00,2020596,16101,9793592,,,,,,89,10
2022-06-14 15:00:00,2020952,16103,9801694,,,,,,88,8
2022-06-15 15:00:00,2021264,16105,9808682,,,,,,80,7
2022-06-16 15:00:00,2021601,16105,9815229,,,,,,81,9
2022-06-17 15:00:00,2021926,16106,9821003,,,,,,80,10
2022-06-18 15:00:00,2022252,16108,9825885,,,,,,77,9
2022-06-19 15:00:00,2022494,16109,9829651,,,,,,74,10
2022-06-20 15:00:00,2022902,16112,9837396,,,,,,79,10
2022-06-21 15:00:00,2023409,16113,9845433,,,,,,88,7
2022-06-22 15:00:00,2023889,16118,9852899,,,,,,90,9
2022-06-23 15:00:00,2024455,16119,9859811,,,,,,93,7
2022-06-24 15:00:00,2025042,16120,9865883,,,,,,97,6
2022-06-25 15:00:00,2025577,16120,9870894,,,,,,95,6
2022-06-26 15:00:00,2026045,16121,9874596,,,,,,94,6
2022-06-27 15:00:00,2026796,16124,9882211,,,,,,96,7
2022-06-28 15:00:00,2027606,16125,9890552,,,,,,98,8
2022-06-29 15:00:00,2028482,16125,9898042,,,,,,97,7
2022-06-30 15:00:00,2029403,16126,9905483,,,,,,102,10
2022-07-01 15:00:00,2030363,16126,9912001,,,,,,110,8
2022-07-02 15:00:00,2031171,16129,9917159,,,,,,116,8
2022-07-03 15:00:00,2031920,16131,9921468,,,,,,118,7
2022-07-04 15:00:00,2033180,16132,9929796,,,,,,121,9
2022-07-05 15:00:00,2034544,16135,9939128,,,,,,143,10
2022-07-06 15:00:00,2035878,16138,9947634,,,,,,141,10
2022-07-07 15:00:00,2037347,16141,9956228,,,,,,145,15
2022-07-08 15:00:00,2038946,16146,9964434,,,,,,151,15
2022-07-09 15:00:00,2040227,16147,9970542,,,,,,153,8
2022-07-10 15:00:00,2041175,16150,9974802,,,,,,154,7
2022-07-11 15:00:00,2043051,16152,9984832,,,,,,169,8
2022-07-12 15:00:00,2045101,16155,9995798,,,,,,184,9
2022-07-13 15:00:00,2047170,16158,10005963,,,,,,190,9
2022-07-14 15:00:00,2049388,16162,10016279,,,,,,195,9
2022-07-15 15:00:00,2052116,16166,10026607,,,,,,223,8
2022-07-16 15:00:00,2054636,16168,10034970,,,,,,239,10
2022-07-17 15:00:00,2056691,16169,10041491,,,,,,250,11
2022-07-18 15:00:00,2059982,16173,10053386,,,,,,301,13
2022-07-19 15:00:00,2063894,16178,10067063,,,,,,346,18
2022-07-20 15:00:00,2067840,16185,10080588,,,,,,369,14
2022-07-21 15:00:00,2072089,16193,10094224,,,,,,402,19
2022-07-22 15:00:00,2076589,16199,10107045,,,,,,431,18
2022-07-23 15:00:00,2080389,16206,10117173,,,,,,468,14
2022-07-24 15:00:00,2083861,16215,10125126,,,,,,489,15
2022-07-25 15:00:00,2088966,16223,10139658,,,,,,504,18
2022-07-26 15:00:00,2095066,16229,10156313,,,,,,521,18
2022-07-27 15:00:00,2101168,16239,10172624,,,,,,525,18
2022-07-28 15:00:00,2107150,16253,10188615,,,,,,551,21
2022-07-29 15:00:00,2113101,16265,10203744,,,,,,569,22
2022-07-30 15:00:00,2118673,16271,10217296,,,,,,580,21
2022-07-31 15:00:00,2123025,16280,10227100,,,,,,611,21
2022-08-01 15:00:00,2129016,16286,10243020,,,,,,628,21
2022-08-02 15:00:00,2135952,16296,10261876,,,,,,651,23
2022-08-03 15:00:00,2142148,16313,10279135,,,,,,655,28
2022-08-04 15:00:00,2148615,16319,10296026,,,,,,671,35
2022-08-05 15:00:00,2154973,16334,10312370,,,,,,673,33
2022-08-06 15:00:00,2160253,16347,10325540,,,,,,670,31
2022-08-07 15:00:00,2164435,16356,10335327,,,,,,680,31
2022-08-08 15:00:00,2170933,16370,10352212,,,,,,681,31
2022-08-09 15:00:00,2178198,16380,10371051,,,,,,683,34
2022-08-10 15:00:00,2185259,16394,10389779,,,,,,684,30
2022-08-11 15:00:00,2191562,16409,10406448,,,,,,680,30
2022-08-12 15:00:00,2197784,16424,10422557,,,,,,677,25
2022-08-13 15:00:00,2203039,16438,10435629,,,,,,680,27
2022-08-14 15:00:00,2206806,16449,10445003,,,,,,678,30
2022-08-15 15:00:00,2212702,16463,10461364,,,,,,680,28
2022-08-16 15:00:00,2219291,16481,10479680,,,,,,692,28
2022-08-17 15:00:00,2225382,16491,10496746,,,,,,701,28
2022-08-18 15:00:00,2231095,16503,10512680,,,,,,708,33
2022-08-19 15:00:00,2236301,16509,10526945,,,,,,695,33
2022-08-20 15:00:00,2240552,16525,10538663,,,,,,699,32
2022-08-21 15:00:00,2243706,16536,10546872,,,,,,703,32
2022-08-22 15:00:00,2248288,16545,10561053,,,,,,700,33
2022-08-23 15:00:00,2253282,16561,10577036,,,,,,711,33
2022-08-24 15:00:00,2257659,16574,10591537,,,,,,702,33
2022-08-25 15:00:00,2261899,16593,10605445,,,,,,683,31
2022-08-26 15:00:00,2265924,16616,10618056,,,,,,671,34
2022-08-27 15:00:00,2269421,16631,10628298,,,,,,655,33
2022-08-28 15:00:00,2272000,16643,10635974,,,,,,662,31
2022-08-29 15:00:00,2275675,16657,10649432,,,,,,653,27
2022-08-30 15:00:00,2279485,16672,10663811,,,,,,655,25
2022-08-31 15:00:00,2283195,16684,10677222,,,,,,658,27
2022-09-01 15:00:00,2286511,16695,10689969,,,,,,650,28
2022-09-02 15:00:00,2289516,16707,10700922,,,,,,636,31
2022-09-03 15:00:00,2292170,16718,10710529,,,,,,627,28
2022-09-04 15:00:00,2294006,16737,10716736,,,,,,623,28
2022-09-05 15:00:00,2297227,16750,10729331,,,,,,620,28
2022-09-06 15:00:00,2300688,16765,10744153,,,,,,608,27
2022-09-07 15:00:00,2304039,16779,10757854,,,,,,592,25
2022-09-08 15:00:00,2307305,16786,10771533,,,,,,575,27
2022-09-09 15:00:00,2310601,16794,10784169,,,,,,573,26
2022-09-10 15:00:00,2313346,16809,10794244,,,,,,568,27
2022-09-11 15:00:00,2315536,16822,10802075,,,,,,562,24
2022-09-12 15:00:00,2318677,16829,10815944,,,,,,560,21
2022-09-13 15:00:00,2321849,16837,10831594,,,,,,554,21
2022-09-14 15:00:00,2324719,16846,10846185,,,,,,525,23
2022-09-15 15:00:00,2327601,16855,10860079,,,,,,523,22
2022-09-16 15:00:00,2330341,16865,10872818,,,,,,517,23
2022-09-17 15:00:00,2332509,16874,10882663,,,,,,501,24
2022-09-18 15:00:00,2333969,16882,10889207,,,,,,498,24
2022-09-19 15:00:00,2336368,16891,10902339,,,,,,489,25
2022-09-20 15:00:00,2338834,16902,10917067,,,,,,481,24
2022-09-21 15:00:00,2341269,16913,10931721,,,,,,470,26
2022-09-22 15:00:00,2343470,16922,10944511,,,,,,458,28
2022-09-23 15:00:00,2345665,16931,10956266,,,,,,451,27
2022-09-24 15:00:00,2347506,16940,10965317,,,,,,448,29
2022-09-25 15:00:00,2349040,16950,10972375,,,,,,439,30
2022-09-26 15:00:00,2351526,16960,10986288,,,,,,436,29
2022-09-27 15:00:00,2354273,16974,11001807,,,,,,440,29
2022-09-28 15:00:00,2356982,16983,11016487,,,,,,436,34
2022-09-29 15:00:00,2359530,17000,11030499,,,,,,431,33
2022-09-30 15:00:00,2361738,17006,11042127,,,,,,428,33
2022-10-01 15:00:00,2363388,17012,11052059,,,,,,420,33
2022-10-02 15:00:00,2364814,17018,11058598,,,,,,423,31
2022-10-03 15:00:00,2367015,17031,11072272,,,,,,425,31
2022-10-04 15:00:00,2369245,17042,11086617,,,,,,438,29
2022-10-05 15:00:00,2371474,17050,11100408,,,,,,445,31
2022-10-06 15:00:00,2373346,17057,11112852,,,,,,443,29
2022-10-07 15:00:00,2375224,17066,11124513,,,,,,440,25
2022-10-08 15:00:00,2376699,17077,11133855,,,,,,437,25
2022-10-09 15:00:00,2377762,17086,11140093,,,,,,439,20
2022-10-10 15:00:00,2379620,17093,11152610,,,,,,449,19
2022-10-11 15:00:00,2381680,17099,11167895,,,,,,451,22
2022-10-12 15:00:00,2383411,17108,11181333,,,,,,453,26
2022-10-13 15:00:00,2385062,17117,11193982,,,,,,445,31
2022-10-14 15:00:00,2386508,17122,11204581,,,,,,448,29
2022-10-15 15:00:00,2387682,17128,11212750,,,,,,442,29
2022-10-16 15:00:00,2388554,17134,11218732,,,,,,440,19
2022-10-17 15:00:00,2389987,17144,11230929,,,,,,440,19
2022-10-18 15:00:00,2391427,17154,11244249,,,,,,434,31
2022-10-19 15:00:00,2392745,17162,11257041,,,,,,429,34
2022-10-20 15:00:00,2393928,17169,11268580,,,,,,432,33
2022-10-21 15:00:00,2394984,17171,11277985,,,,,,419,32
2022-10-22 15:00:00,2395887,17176,11285164,,,,,,415,31
2022-10-23 15:00:00,2396512,17186,11290474,,,,,,409,36
2022-10-24 15:00:00,2397685,17193,11301980,,,,,,410,29
2022-10-25 15:00:00,2398900,17199,11315154,,,,,,401,28
2022-10-26 15:00:00,2400037,17209,11326775,,,,,,383,26
2022-10-27 15:00:00,2401074,17215,11337405,,,,,,364,28
2022-10-28 15:00:00,2401945,17220,11346412,,,,,,364,28
2022-10-29 15:00:00,2402754,17228,11353669,,,,,,358,20
2022-10-30 15:00:00,2403249,17235,11358654,,,,,,351,23
2022-10-31 15:00:00,2404112,17242,11369067,,,,,,355,19
2022-11-01 15:00:00,2405146,17250,11380900,,,,,,367,19
2022-11-02 15:00:00,2406002,17256,11392008,,,,,,367,20
2022-11-03 15:00:00,2406834,17261,11401978,,,,,,350,22
2022-11-04 15:00:00,2407595,17270,11411195,,,,,,328,21
2022-11-05 15:00:00,2408130,17275,11418073,,,,,,307,20
2022-11-06 15:00:00,2408606,17283,11422856,,,,,,297,20
2022-11-07 15:00:00,2409415,17290,11433890,,,,,,288,18
2022-11-08 15:00:00,2410231,17294,11445310,,,,,,302,21
2022-11-09 15:00:00,2410954,17298,11455364,,,,,,306,22
2022-11-10 15:00:00,2411691,17301,11463729,,,,,,301,22
2022-11-11 15:00:00,2412298,17303,11469746,,,,,,284,27
2022-11-12 15:00:00,2412750,17308,11475323,,,,,,254,27
2022-11-13 15:00:00,2413142,17310,11479798,,,,,,254,27
2022-11-14 15:00:00,2413933,17314,11490409,,,,,,272,26
2022-11-15 15:00:00,2414734,17324,11501781,,,,,,231,21
2022-11-16 15:00:00,2415439,17326,11512474,,,,,,213,22
2022-11-17 15:00:00,2416113,17332,11522335,,,,,,218,19
2022-11-18 15:00:00,2416771,17336,11530724,,,,,,220,18
2022-11-19 15:00:00,2417270,17343,11536560,,,,,,214,15
2022-11-20 15:00:00,2417633,17344,11541093,,,,,,210,16
2022-11-21 15:00:00,2418306,17347,11550895,,,,,,213,16
2022-11-22 15:00:00,2418973,17350,11560886,,,,,,232,17
2022-11-23 15:00:00,2419618,17352,11570722,,,,,,228,15
2022-11-24 15:00:00,2420189,17353,11580200,,,,,,220,13
2022-11-25 15:00:00,2420801,17357,11588310,,,,,,217,13
2022-11-26 15:00:00,2421274,17365,11594444,,,,,,190,14
2022-11-27 15:00:00,2421591,17371,11598533,,,,,,191,13
2022-11-28 15:00:00,2422181,17374,11608148,,,,,,203,12
2022-11-29 15:00:00,2422813,17382,11618400,,,,,,201,11
2022-11-30 15:00:00,2423385,17387,11627759,,,,,,201,14
2022-12-01 15:00:00,2424048,17392,11636435,,,,,,197,14
2022-12-02 15:00:00,2424595,17395,11643780,,,,,,201,17
2022-12-03 15:00:00,2425077,17399,11649428,,,,,,190,15
2022-12-04 15:00:00,2425445,17404,11653205,,,,,,190,22
2022-12-05 15:00:00,2426176,17412,11662873,,,,,,191,23
2022-12-06 15:00:00,2426848,17418,11672548,,,,,,183,23
2022-12-07 15:00:00,2427599,17420,11682316,,,,,,185,23
2022-12-08 15:00:00,2428291,17426,11690842,,,,,,192,23
2022-12-09 15:00:00,2428978,17429,11698522,,,,,,198,23
2022-12-10 15:00:00,2429520,17433,11703963,,,,,,207,22
2022-12-11 15:00:00,2429910,17438,11708145,,,,,,211,18
2022-12-12 15:00:00,2430656,17441,11717606,,,,,,223,17
2022-12-13 15:00:00,2431472,17449,11727775,,,,,,233,14
2022-12-14 15:00:00,2432186,17451,11736714,,,,,,230,15
2022-12-15 15:00:00,2432914,17451,11745126,,,,,,225,17
2022-12-16 15:00:00,2433648,17459,11752778,,,,,,225,12
2022-12-17 15:00:00,2434277,17465,11758484,,,,,,221,14
2022-12-18 15:00:00,2434727,17471,11762078,,,,,,212,12
2022-12-19 15:00:00,2435508,17475,11770496,,,,,,217,15
2022-12-20 15:00:00,2436376,17479,11779595,,,,,,218,18
2022-12-21 15:00:00,2437237,17481,11789255,,,,,,210,17
2022-12-22 15:00:00,2438130,17482,11798676,,,,,,211,19
2022-12-23 15:00:00,2439053,17487,11807136,,,,,,213,19
2022-12-24 15:00:00,2439730,17495,11813178,,,,,,209,16
2022-12-25 15:00:00,2440248,17500,11817342,,,,,,214,15
2022-12-26 15:00:00,2441268,17505,11827934,,,,,,217,16
2022-12-27 15:00:00,2442385,17506,11838478,,,,,,245,16
2022-12-28 15:00:00,2443486,17507,11848587,,,,,,245,17
2022-12-29 15:00:00,2444550,17510,11858088,,,,,,264,16
2022-12-30 15:00:00,2445479,17515,11866017,,,,,,254,16
2022-12-31 15:00:00,2446253,17521,11871579,,,,,,250,17
2023-01-01 15:00:00,2446620,17528,11874322,,,,,,248,15
2023-01-02 15:00:00,2447387,17533,11880269,,,,,,246,20
2023-01-03 15:00:00,2448268,17543,11887684,,,,,,252,21
2023-01-04 15:00:00,2449503,17550,11898799,,,,,,252,23
2023-01-05 15:00:00,2450711,17554,11909931,,,,,,254,24
2023-01-06 15:00:00,2451811,17556,11919915,,,,,,262,23
2023-01-07 15:00:00,2452493,17560,11925792,,,,,,265,24
2023-01-08 15:00:00,2453032,17567,11931092,,,,,,263,22
2023-01-09 15:00:00,2454074,17570,11943837,,,,,,259,23
2023-01-10 15:00:00,2455236,17576,11957115,,,,,,265,23
2023-01-11 15:00:00,2456293,17579,11969153,,,,,,260,22
2023-01-12 15:00:00,2457314,17586,11980580,,,,,,273,21
2023-01-13 15:00:00,2458228,17592,11990447,,,,,,304,20
2023-01-14 15:00:00,2458985,17600,11997999,,,,,,278,16
2023-01-15 15:00:00,2459432,17608,12003146,,,,,,284,16
2023-01-16 15:00:00,2460387,17621,12015182,,,,,,283,14
2023-01-17 15:00:00,2461390,17624,12027724,,,,,,295,12
2023-01-18 15:00:00,2462353,17632,12040278,,,,,,295,16
2023-01-19 15:00:00,2463173,17637,12050560,,,,,,295,14
2023-01-20 15:00:00,2463968,17644,12059377,,,,,,291,15
2023-01-21 15:00:00,2464509,17649,12065603,,,,,,281,14
2023-01-22 15:00:00,2464913,17656,12070152,,,,,,288,18
2023-01-23 15:00:00,2465639,17662,12081173,,,,,,281,17
2023-01-24 15:00:00,2466493,17668,12092828,,,,,,263,14
2023-01-25 15:00:00,2467270,17673,12102394,,,,,,273,15
2023-01-26 15:00:00,2467970,17683,12111960,,,,,,264,10
2023-01-27 15:00:00,2468606,17685,12120439,,,,,,252,12
2023-01-28 15:00:00,2469072,17688,12126285,,,,,,260,14
2023-01-29 15:00:00,2469468,17697,12130710,,,,,,268,10
2023-01-30 15:00:00,2470291,17702,12141859,,,,,,269,11
2023-01-31 15:00:00,2471198,17703,12153604,,,,,,273,12
2023-02-01 15:00:00,2472028,17706,12164974,,,,,,267,15
2023-02-02 15:00:00,2472848,17710,12175223,,,,,,262,11
2023-02-03 15:00:00,2473599,17715,12184593,,,,,,272,14
2023-02-04 15:00:00,2474195,17718,12191780,,,,,,258,16
2023-02-05 15:00:00,2474636,17721,12196287,,,,,,249,14
2023-02-06 15:00:00,2475443,17723,12207173,,,,,,266,5
2023-02-07 15:00:00,2476392,17726,12219013,,,,,,258,12
2023-02-08 15:00:00,2477183,17728,12229523,,,,,,257,13
2023-02-09 15:00:00,2477970,17731,12239281,,,,,,248,15
2023-02-10 15:00:00,2478730,17733,12248235,,,,,,250,13
2023-02-11 15:00:00,2479303,17738,12254554,,,,,,236,15
2023-02-12 15:00:00,2479663,17739,12258940,,,,,,242,15
2023-02-13 15:00:00,2480488,17741,12269298,,,,,,249,14
2023-02-14 15:00:00,2481396,17744,12279572,,,,,,248,18
2023-02-15 15:00:00,2482090,17749,12286239,,,,,,253,26
2023-02-16 15:00:00,2482671,17754,12291959,,,,,,255,23
2023-02-17 15:00:00,2483550,17759,12301261,,,,,,262,23
2023-02-18 15:00:00,2484269,17766,12308522,,,,,,264,21
2023-02-19 15:00:00,2484855,17771,12313903,,,,,,258,22
2023-02-20 15:00:00,2485825,17779,12325614,,,,,,267,21
2023-02-21 15:00:00,2486920,17783,12337379,,,,,,256,18
2023-02-22 15:00:00,2487935,17788,12348423,,,,,,257,21
2023-02-23 15:00:00,2488870,17791,12357782,,,,,,265,23
2023-02-24 15:00:00,2489711,17803,12366531,,,,,,261,18
2023-02-25 15:00:00,2490331,17807,12372911,,,,,,261,17
2023-02-26 15:00:00,2490810,17816,12376979,,,,,,250,16
2023-02-27 15:00:00,2491704,17821,12386254,,,,,,246,16
2023-02-28 15:00:00,2492563,17826,12395979,,,,,,241,12
2023-03-01 15:00:00,2493475,17830,12405789,,,,,,241,12
2023-03-02 15:00:00,2494381,17839,12414151,,,,,,228,10
2023-03-03 15:00:00,2495185,17844,12421850,,,,,,226,10
2023-03-04 15:00:00,2495808,17847,12427266,,,,,,222,13
2023-03-05 15:00:00,2496295,17855,12431264,,,,,,217,15
2023-03-06 15:00:00,2497248,17864,12440256,,,,,,219,12
2023-03-07 15:00:00,2498315,17868,12449894,,,,,,221,13
2023-03-08 15:00:00,2499269,17875,12458694,,,,,,235,7
2023-03-09 15:00:00,2500142,17881,12466756,,,,,,235,8
2023-03-10 15:00:00,2501001,17886,12474289,,,,,,230,10
2023-03-11 15:00:00,2501654,17888,12479578,,,,,,241,10
2023-03-12 15:00:00,2502142,17891,12482987,,,,,,251,14
2023-03-13 15:00:00,2503093,17895,12492096,,,,,,257,15
2023-03-14 15:00:00,2504113,17900,12501606,,,,,,260,19
2023-03-15 15:00:00,2505043,17905,12510686,,,,,,267,21
2023-03-16 15:00:00,2505902,17910,12518769,,,,,,247,17
2023-03-17 15:00:00,2506862,17914,12525904,,,,,,220,16
2023-03-18 15:00:00,2507563,17925,12530901,,,,,,212,18
2023-03-19 15:00:00,2508050,17927,12534374,,,,,,215,17
2023-03-20 15:00:00,2509089,17932,12543509,,,,,,221,21
2023-03-21 15:00:00,2510174,17938,12553065,,,,,,209,17
2023-03-22 15:00:00,2511198,17943,12561724,,,,,,209,15
2023-03-23 15:00:00,2512161,17944,12569654,,,,,,198,18
2023-03-24 15:00:00,2513050,17948,12576314,,,,,,180,17
2023-03-25 15:00:00,2513687,17956,12580800,,,,,,169,16
2023-03-26 15:00:00,2514174,17962,12584561,,,,,,190,12
2023-03-27 15:00:00,2515136,17963,12593091,,,,,,179,8
2023-03-28 15:00:00,2516046,17964,12601915,,,,,,164,13
2023-03-29 15:00:00,2516892,17965,12610047,,,,,,152,9
2023-03-30 15:00:00,2517645,17965,12617085,,,,,,156,12
2023-03-31 15:00:00,2518397,17968,12623116,,,,,,157,12
2023-04-01 15:00:00,2518952,17970,12627812,,,,,,147,7
2023-04-02 15:00:00,2519355,17974,12631221,,,,,,152,12
2023-04-03 15:00:00,2520204,17975,12639394,,,,,,169,13
2023-04-04 15:00:00,2521017,17980,12647802,,,,,,163,12
2023-04-05 15:00:00,2521699,17982,12655142,,,,,,163,12
2023-04-06 15:00:00,2522397,17986,12661887,,,,,,123,14
2023-04-07 15:00:00,2523041,17990,12667435,,,,,,127,14
2023-04-08 15:00:00,2523560,17993,12671842,,,,,,132,15
2023-04-09 15:00:00,2523925,17996,12675026,,,,,,130,11
2023-04-10 15:00:00,2524670,17996,12682608,,,,,,133,10
2023-04-11 15:00:00,2525449,17997,12690075,,,,,,125,11
2023-04-12 15:00:00,2526151,18000,12696664,,,,,,119,11
2023-04-13 15:00:00,2526786,18000,12701930,,,,,,114,14
2023-04-14 15:00:00,2527256,18002,12704974,,,,,,112,15
2023-04-15 15:00:00,2527640,18002,12707751,,,,,,112,13
2023-04-16 15:00:00,2527858,18003,12709743,,,,,,111,13
2023-04-17 15:00:00,2528385,18005,12714445,,,,,,108,14
2023-04-18 15:00:00,2529180,18005,12722557,,,,,,108,12
2023-04-19 15:00:00,2529883,18006,12730360,,,,,,106,10
2023-04-20 15:00:00,2530489,18007,12737084,,,,,,124,11
2023-04-21 15:00:00,2531076,18008,12742386,,,,,,110,11
2023-04-22 15:00:00,2531458,18012,12746410,,,,,,104,8
2023-04-23 15:00:00,2531704,18014,12749307,,,,,,100,10
2023-04-24 15:00:00,2532267,18014,12756903,,,,,,103,12
2023-04-25 15:00:00,2532749,18017,12764069,,,,,,108,12
2023-04-26 15:00:00,2533211,18017,12770722,,,,,,109,13
2023-04-27 15:00:00,2533669,18018,12777025,,,,,,107,12
2023-04-28 15:00:00,2534036,18018,12781763,,,,,,108,13
2023-04-29 15:00:00,2534350,18018,12784704,,,,,,101,13
2023-04-30 15:00:00,2534605,18021,12786625,,,,,,100,13
2023-05-01 15:00:00,2534886,18021,12789322,,,,,,100,12
2023-05-02 15:00:00,2535220,18022,12793086,,,,,,98,12
2023-05-03 15:00:00,2535687,18022,12799921,,,,,,100,12
2023-05-04 15:00:00,2536159,18022,12806107,,,,,,102,15
2023-05-05 15:00:00,2536526,18026,12810734,,,,,,94,15
2023-05-06 15:00:00,2536792,18026,12814345,,,,,,96,15
2023-05-07 15:00:00,2536945,18028,12816894,,,,,,91,12
2023-05-08 15:00:00,2537296,18029,12823433,,,,,,90,12
2023-05-09 15:00:00,2537580,18030,12830221,,,,,,90,11
2023-05-10 15:00:00,2537870,18032,12836228,,,,,,100,12
2023-05-11 15:00:00,2538142,18033,12841728,,,,,,99,11
2023-05-12 15:00:00,2538366,18035,12845845,,,,,,89,10
2023-05-13 15:00:00,2538544,18036,12848985,,,,,,88,8
2023-05-14 15:00:00,2538655,18036,12851309,,,,,,88,8
2023-05-15 15:00:00,2538899,18040,12857747,,,,,,90,8
2023-05-16 15:00:00,2539151,18042,12864279,,,,,,90,6
2023-05-17 15:00:00,2539418,18045,12870349,,,,,,90,4
2023-05-18 15:00:00,2539628,18046,12875392,,,,,,72,4
2023-05-19 15:00:00,2539831,18047,12879530,,,,,,57,2
2023-05-20 15:00:00,2539987,18047,12882526,,,,,,55,2
